ASDASD,7/1(??,7/2(ык?,7/3(ъ╕?,7/4(??,7/5(??,7/6(??,7/7(??,7/8(??,7/9(ык?,7/10(ъ╕?,7/11(??,7/12(??,7/13(??,7/14(??,7/15(??,7/16(ык?,7/17(ъ╕?,7/18(??,7/19(??,7/20(??,7/21(??,7/22(??,7/23(ык?,7/24(ъ╕?,7/25(??,7/26(??,7/27(??,7/28(??,7/29(??,7/30(ык?,7/31(ъ╕?,8/1(??,8/2(??,8/3(??,8/4(??,8/5(??,8/6(ык?,8/7(ъ╕?,8/8(??,8/9(??,8/10(??,8/11(??,8/12(??,8/13(ык?,8/14(ъ╕?,8/15(??,8/16(??,8/17(??,8/18(??,8/19(??,8/20(ык?,8/21(ъ╕?,8/22(??,8/23(??,8/24(??,8/25(??,8/26(??,8/27(ык?,8/28(ъ╕?,8/29(??
?БэШД,,,,,,,,,,,,,,,,,,,,,,,,,,,,,,,,,,,,,,,,,,,,,,,,,,,,,,,,,,,,
ь░╜ы?,,,,,,,,,,,,,,,,,,,,,,,,,,,,,,,,,,,,,,,,,,,,,,,,,,,,,,,,,,,,
ьзДьШд,,,,,,,,,,,,,,,,,,,,,,,,,,,,,,,,,,,,,,,,,,,,,,,,,,,,,,,,,,,,
ы│СьДа,,,,,,,,,,,,,,,,,,,,,,,,,,,,,,,,,,,,,,,,,,,,,,,,,,,,,,,,,,,,
?БьаЬ,,,,,,,,,,,,,,,,,,,,,,,,,,,,,,,,,,,,,,,,,,,,,,,,,,,,,,,,,,,,
?А??,,,,,,,,,,,,,,,,,,,,,,,,,,,,,,,,,,,,,,,,,,,,,,,,,,,,,,,,,,,,
?Бы?,,,,,,,,,,,,,,,,,,,,,,,,,,,,,,,,,,,,,,,,,,,,,,,,,,,,,,,,,,,,
ьзА??,,,,,,,,,,,,,,,,,,,,,,,,,,,,,,,,,,,,,,,,,,,,,,,,,,,,,,,,,,,,
?БэЫИ,,,,,,,,,,,,,,,,,,,,,,,,,,,,,,,,,,,,,,,,,,,,,,,,,,,,,,,,,,,,
?мьШБ,,,,,,,,,,,,,,,,,,,,,,,,,,,,,,,,,,,,,,,,,,,,,,,,,,,,,,,,,,,,
ьзДь▓а,,,,,,,,,,,,,,,,,,,,,,,,,,,,,,,,,,,,,,,,,,,,,,,,,,,,,,,,,,,,
ьвЕэЫИ,,,,,,,,,,,,,,,,,,,,,,,,,,,,,,,,,,,,,,,,,,,,,,,,,,,,,,,,,,,,
